HandLandmark.RING_FINGER_TIP,HandLandmark.THUMB_TIP,HandLandmark.PINKY_TIP,HandLandmark.INDEX_FINGER_TIP,HandLandmark.MIDDLE_FINGER_TIP
"(595.5044746398926, 145.51507472991943)","(1689.818229675293, 561.0275101661682)","(257.7014923095703, 293.11036348342896)","(1132.2001647949219, 137.01152801513672)","(816.1731147766113, 94.00359392166138)"
HandLandmark.RING_FINGER_TIP,HandLandmark.THUMB_TIP,HandLandmark.PINKY_TIP,HandLandmark.INDEX_FINGER_TIP,HandLandmark.MIDDLE_FINGER_TIP
"(522.3826217651367, 123.41375827789307)","(240.43367385864258, 603.7391352653503)","(771.7380523681641, 147.6572960615158)","(227.378511428833, 256.30045652389526)","(332.8275489807129, 151.45626962184906)"
